{
  "test": {
    "accuracy": {
      "mean": 0.8778775497910882,
      "std": 0.013481580707209322,
      "se": 0.0014622827374670404,
      "ci_lower": 0.8749696402037684,
      "ci_upper": 0.880785459378408,
      "n": 85
    },
    "precision": {
      "mean": 0.8468020437677187,
      "std": 0.034407848900060635,
      "se": 0.0037320552072226494,
      "ci_lower": 0.8393804427056094,
      "ci_upper": 0.854223644829828,
      "n": 85
    },
    "recall": {
      "mean": 0.7878753627061634,
      "std": 0.028025038510761307,
      "se": 0.0030397422172624604,
      "ci_lower": 0.7818305019483393,
      "ci_upper": 0.7939202234639876,
      "n": 85
    },
    "f1": {
      "mean": 0.8155693467003524,
      "std": 0.019367210664926048,
      "se": 0.0021006689381063842,
      "ci_lower": 0.8113919361432903,
      "ci_upper": 0.8197467572574145,
      "n": 85
    },
    "auroc": {
      "mean": 0.9285099311203292,
      "std": 0.007731178156234133,
      "se": 0.0008385640084547323,
      "ci_lower": 0.9268423546268867,
      "ci_upper": 0.9301775076137717,
      "n": 85
    },
    "balanced_accuracy": {
      "mean": 0.8563218901343718,
      "std": 0.014214146304406839,
      "se": 0.0015417406326581676,
      "ci_lower": 0.8532559698085714,
      "ci_upper": 0.8593878104601721,
      "n": 85
    }
  },
  "dev": {
    "accuracy": {
      "mean": 0.8465116279069766,
      "std": 0.01097854594143409,
      "se": 0.0011907904986292234,
      "ci_lower": 0.8441436104102705,
      "ci_upper": 0.8488796454036828,
      "n": 85
    },
    "precision": {
      "mean": 0.780070611020417,
      "std": 0.01584123449534465,
      "se": 0.001718223125743902,
      "ci_lower": 0.7766537359028456,
      "ci_upper": 0.7834874861379884,
      "n": 85
    },
    "recall": {
      "mean": 0.832568149210904,
      "std": 0.017791054258223915,
      "se": 0.0019297107726565332,
      "ci_lower": 0.8287307077142737,
      "ci_upper": 0.8364055907075344,
      "n": 85
    },
    "f1": {
      "mean": 0.8053524553451455,
      "std": 0.01376120908574059,
      "se": 0.0014926126935539785,
      "ci_lower": 0.8023842313139578,
      "ci_upper": 0.8083206793763333,
      "n": 85
    },
    "auroc": {
      "mean": 0.9254463274398333,
      "std": 0.0081690452703348,
      "se": 0.000886057365217528,
      "ci_lower": 0.9236843051980236,
      "ci_upper": 0.9272083496816431,
      "n": 85
    },
    "balanced_accuracy": {
      "mean": 0.8438382541720154,
      "std": 0.01153566218977623,
      "se": 0.0012512182400347598,
      "ci_lower": 0.8413500694846074,
      "ci_upper": 0.8463264388594234,
      "n": 85
    }
  }
}