{
  "timestamp": "20251216_033119",
  "total_seeds": 101,
  "successful_seeds": [
    0,
    1,
    2,
    3,
    4,
    5,
    6,
    7,
    8,
    9,
    10,
    11,
    12,
    13,
    14,
    15,
    16,
    17,
    18,
    19,
    20,
    21,
    22,
    23,
    24,
    25,
    26,
    27,
    28,
    29,
    30,
    31,
    32,
    33,
    34,
    35,
    36,
    37,
    38,
    39,
    40,
    41,
    42,
    43,
    44,
    45,
    46,
    47,
    48,
    49,
    50,
    51,
    52,
    53,
    54,
    55,
    56,
    57,
    58,
    59,
    60,
    61,
    62,
    63,
    64,
    65,
    66,
    67,
    68,
    69,
    70,
    71,
    72,
    73,
    74,
    75,
    76,
    77,
    78,
    79,
    80,
    81,
    82,
    83,
    84,
    85,
    86,
    87,
    88,
    89,
    90,
    91,
    92,
    93,
    94,
    95,
    96,
    97,
    98,
    99,
    100
  ],
  "failed_seeds": [],
  "num_successful": 101,
  "num_failed": 0,
  "test_statistics": {
    "accuracy": {
      "mean": 0.6725610309336786,
      "ci_lower": 0.6674204121033741,
      "ci_upper": 0.6777016497639831,
      "std": 0.02591074913374568,
      "min": 0.6319018404907976,
      "max": 0.8756476683937824
    },
    "auroc": {
      "mean": 0.7236474735624201,
      "ci_lower": 0.7136524782921141,
      "ci_upper": 0.7336424688327261,
      "std": 0.05037872357218419,
      "min": 0.5220409580006942,
      "max": 0.9179086538461538
    },
    "f1_score": {
      "mean": 0.08902734283402901,
      "ci_lower": 0.06682757515431029,
      "ci_upper": 0.11122711051374773,
      "std": 0.11189559665184422,
      "min": 0.0,
      "max": 0.7818181818181819
    },
    "precision": {
      "mean": 0.5936786565660866,
      "ci_lower": 0.5087683274954858,
      "ci_upper": 0.6785889856366875,
      "std": 0.4279815928857371,
      "min": 0.0,
      "max": 1.0
    },
    "recall": {
      "mean": 0.05317892970386212,
      "ci_lower": 0.03678600207630081,
      "ci_upper": 0.06957185733142343,
      "std": 0.08262682944345637,
      "min": 0.0,
      "max": 0.6615384615384615
    },
    "average_precision": {
      "mean": 0.5403823817661811,
      "ci_lower": 0.5289465428927691,
      "ci_upper": 0.5518182206395932,
      "std": 0.0576411443766516,
      "min": 0.35904703701189433,
      "max": 0.8801889428691718
    },
    "brier_score": {
      "mean": 0.2306608766796957,
      "ci_lower": 0.2259244482503337,
      "ci_upper": 0.2353973051090577,
      "std": 0.023873469882588167,
      "min": 0.10612851038115667,
      "max": 0.28006280448001836
    },
    "weighted_accuracy": {
      "mean": 0.5379441250596046,
      "ci_lower": 0.46720420068574514,
      "ci_upper": 0.6086840494334642,
      "std": 0.3565571567737976,
      "min": 0.0,
      "max": 0.9034534534534535
    },
    "sensitivity": {
      "mean": 0.05317892970386212,
      "ci_lower": 0.03678600207630081,
      "ci_upper": 0.06957185733142343,
      "std": 0.08262682944345637,
      "min": 0.0,
      "max": 0.6615384615384615
    },
    "specificity": {
      "mean": 0.9922656190006842,
      "ci_lower": 0.9886224569273544,
      "ci_upper": 0.995908781074014,
      "std": 0.018362975675057746,
      "min": 0.8636363636363636,
      "max": 1.0
    }
  },
  "dev_statistics": {
    "accuracy": {
      "mean": 0.8499194105457057,
      "ci_lower": 0.8480114532814679,
      "ci_upper": 0.8518273678099436,
      "std": 0.00961685813780649,
      "min": 0.827906976744186,
      "max": 0.8744186046511628
    },
    "auroc": {
      "mean": 0.9297552623408314,
      "ci_lower": 0.928719261474023,
      "ci_upper": 0.9307912632076398,
      "std": 0.005221853525487995,
      "min": 0.9179350816064552,
      "max": 0.9388410049514029
    },
    "f1_score": {
      "mean": 0.810494721067626,
      "ci_lower": 0.8080211700096156,
      "ci_upper": 0.8129682721256364,
      "std": 0.012467674233264142,
      "min": 0.7831325301204819,
      "max": 0.8402366863905325
    },
    "precision": {
      "mean": 0.7818090991272115,
      "ci_lower": 0.7790175923545803,
      "ci_upper": 0.7846006058998427,
      "std": 0.014070296607950531,
      "min": 0.75,
      "max": 0.8235294117647058
    },
    "recall": {
      "mean": 0.8417049021975369,
      "ci_lower": 0.837823269041081,
      "ci_upper": 0.8455865353539929,
      "std": 0.019564964115459164,
      "min": 0.7926829268292683,
      "max": 0.8902439024390244
    },
    "average_precision": {
      "mean": 0.9070368614268659,
      "ci_lower": 0.9053327564242376,
      "ci_upper": 0.9087409664294942,
      "std": 0.008589362230159134,
      "min": 0.8857997657157779,
      "max": 0.9232337761587666
    },
    "brier_score": {
      "mean": 0.12204780998021247,
      "ci_lower": 0.12084132422248299,
      "ci_upper": 0.12325429573794196,
      "std": 0.006081164706801239,
      "min": 0.10738099480325904,
      "max": 0.1366787855935764
    },
    "weighted_accuracy": {
      "mean": 0.8397519458509688,
      "ci_lower": 0.8377892096662445,
      "ci_upper": 0.8417146820356931,
      "std": 0.00989296553137034,
      "min": 0.8168806848582129,
      "max": 0.8656108597285068
    },
    "sensitivity": {
      "mean": 0.8417049021975369,
      "ci_lower": 0.837823269041081,
      "ci_upper": 0.8455865353539929,
      "std": 0.019564964115459164,
      "min": 0.7926829268292683,
      "max": 0.8902439024390244
    },
    "specificity": {
      "mean": 0.8549839946400654,
      "ci_lower": 0.8525783523854787,
      "ci_upper": 0.857389636894652,
      "std": 0.012125387044197633,
      "min": 0.8270676691729323,
      "max": 0.8872180451127819
    }
  }
}