{
  "scenario1": "Scenario 10",
  "scenario2": "Original",
  "test_metrics": {
    "f1": {
      "scenario1_mean": 0.8155693467003524,
      "scenario1_ci": [
        0.8113919361432903,
        0.8197467572574145
      ],
      "scenario2_mean": 0.8226593934584445,
      "scenario2_ci": [
        0.8183426353556623,
        0.8269761515612267
      ],
      "difference": 0.007090046758092106
    },
    "auroc": {
      "scenario1_mean": 0.9285099311203292,
      "scenario1_ci": [
        0.9268423546268867,
        0.9301775076137717
      ],
      "scenario2_mean": 0.9363658847458165,
      "scenario2_ci": [
        0.934543651170584,
        0.938188118321049
      ],
      "difference": 0.0078559536254873
    },
    "balanced_accuracy": {
      "scenario1_mean": 0.8563218901343718,
      "scenario1_ci": [
        0.8532559698085714,
        0.8593878104601721
      ],
      "scenario2_mean": 0.8632455922756843,
      "scenario2_ci": [
        0.8598731105688089,
        0.8666180739825597
      ],
      "difference": 0.006923702141312549
    },
    "accuracy": {
      "scenario1_mean": 0.8778775497910882,
      "scenario1_ci": [
        0.8749696402037684,
        0.880785459378408
      ],
      "scenario2_mean": 0.8805067735962353,
      "scenario2_ci": [
        0.8776016051618521,
        0.8834119420306185
      ],
      "difference": 0.002629223805147074
    }
  },
  "dev_metrics": {
    "f1": {
      "scenario1_mean": 0.8053524553451455,
      "scenario1_ci": [
        0.8023842313139578,
        0.8083206793763333
      ],
      "scenario2_mean": 0.7984008309446887,
      "scenario2_ci": [
        0.7950000345185227,
        0.8018016273708547
      ],
      "difference": -0.006951624400456824
    },
    "auroc": {
      "scenario1_mean": 0.9254463274398333,
      "scenario1_ci": [
        0.9236843051980236,
        0.9272083496816431
      ],
      "scenario2_mean": 0.9179847035091313,
      "scenario2_ci": [
        0.9161315291400501,
        0.9198378778782125
      ],
      "difference": -0.007461623930702044
    },
    "balanced_accuracy": {
      "scenario1_mean": 0.8438382541720154,
      "scenario1_ci": [
        0.8413500694846074,
        0.8463264388594234
      ],
      "scenario2_mean": 0.8381214873625957,
      "scenario2_ci": [
        0.8352737749598477,
        0.8409691997653438
      ],
      "difference": -0.005716766809419682
    },
    "accuracy": {
      "scenario1_mean": 0.8465116279069766,
      "scenario1_ci": [
        0.8441436104102705,
        0.8488796454036828
      ],
      "scenario2_mean": 0.8407660738714091,
      "scenario2_ci": [
        0.8381451722273596,
        0.8433869755154586
      ],
      "difference": -0.005745554035567535
    }
  }
}