{"prediction": [0.7140111923217773, 0.6118446588516235, 0.4623663127422333, 0.7522450089454651, 0.8339095711708069, 0.419783353805542, 0.8189464807510376, 0.8593814373016357, 0.42933887243270874, 0.6508325934410095, 0.6041843891143799, 0.8419765830039978, 0.7717787027359009, 0.7998716235160828, 0.6028741598129272, 0.6356675028800964, 0.5873382687568665, 0.6001783609390259, 0.5811775922775269, 0.6178957223892212, 0.774183988571167, 0.7843743562698364, 0.582405686378479, 0.5710612535476685, 0.43609723448753357, 0.8082529306411743, 0.7927688360214233, 0.785016655921936, 0.3629165291786194, 0.6542062759399414, 0.459624707698822, 0.8783666491508484, 0.6978644132614136, 0.4599458873271942, 0.7384554743766785, 0.7054163813591003, 0.7112119197845459, 0.887516975402832, 0.7746912837028503, 0.6647201776504517, 0.6468906998634338, 0.5550071001052856, 0.8946110010147095, 0.7729012370109558], "label": [1.0, 1.0, 1.0, 1.0, 1.0, 1.0, 1.0, 1.0, 0.0, 0.0, 0.0, 0.0, 0.0, 0.0, 0.0, 0.0, 0.0, 0.0, 0.0, 0.0, 0.0, 0.0, 0.0, 0.0, 0.0, 0.0, 0.0, 0.0, 0.0, 0.0, 0.0, 0.0, 0.0, 0.0, 0.0, 1.0, 1.0, 1.0, 1.0, 1.0, 1.0, 1.0, 1.0, 1.0]}