{
  "timestamp": "20251215_112634",
  "total_seeds": 101,
  "successful_seeds": [
    0,
    1,
    2,
    3,
    4,
    5,
    6,
    7,
    8,
    9,
    10,
    11,
    12,
    13,
    14,
    15,
    16,
    17,
    18,
    19,
    20,
    21,
    22,
    23,
    24,
    25,
    26,
    27,
    28,
    29,
    30,
    31,
    32,
    33,
    34,
    35,
    36,
    37,
    38,
    39,
    40,
    41,
    42,
    43,
    44,
    45,
    46,
    47,
    48,
    49,
    50,
    51,
    52,
    53,
    54,
    55,
    56,
    57,
    58,
    59,
    60,
    61,
    62,
    63,
    64,
    65,
    66,
    67,
    68,
    69,
    70,
    71,
    72,
    73,
    74,
    75,
    76,
    77,
    78,
    79,
    80,
    81,
    82,
    83,
    84,
    85,
    86,
    87,
    88,
    89,
    90,
    91,
    92,
    93,
    94,
    95,
    96,
    97,
    98,
    99,
    100
  ],
  "failed_seeds": [],
  "num_successful": 101,
  "num_failed": 0,
  "test_statistics": {
    "accuracy": {
      "mean": 0.7733402838499753,
      "ci_lower": 0.7492723697032068,
      "ci_upper": 0.7974081979967439,
      "std": 0.12131179264900076,
      "min": 0.36942675159235666,
      "max": 0.890625
    },
    "auroc": {
      "mean": 0.7886611473278662,
      "ci_lower": 0.7538910089975454,
      "ci_upper": 0.823431285658187,
      "std": 0.17525522925597167,
      "min": 0.4285478547854785,
      "max": 0.9384057971014493
    },
    "f1_score": {
      "mean": 0.5345205921071159,
      "ci_lower": 0.4722722570563721,
      "ci_upper": 0.5967689271578597,
      "std": 0.3137561929285531,
      "min": 0.0,
      "max": 0.8264462809917356
    },
    "precision": {
      "mean": 0.7457928266574589,
      "ci_lower": 0.6827979262762423,
      "ci_upper": 0.8087877270386756,
      "std": 0.317519177041633,
      "min": 0.0,
      "max": 1.0
    },
    "recall": {
      "mean": 0.4784442326285313,
      "ci_lower": 0.420038641258045,
      "ci_upper": 0.5368498239990176,
      "std": 0.29438724713209136,
      "min": 0.0,
      "max": 0.9636363636363636
    },
    "average_precision": {
      "mean": 0.718640650784964,
      "ci_lower": 0.6769840314619266,
      "ci_upper": 0.7602972701080013,
      "std": 0.20996581319670188,
      "min": 0.30644865293943163,
      "max": 0.9053015549254795
    },
    "brier_score": {
      "mean": 0.15867347691611805,
      "ci_lower": 0.14523249116594059,
      "ci_upper": 0.17211446266629551,
      "std": 0.06774787654553062,
      "min": 0.09560340004625024,
      "max": 0.32287065972954326
    },
    "weighted_accuracy": {
      "mean": 0.7311679093471252,
      "ci_lower": 0.6772840271851408,
      "ci_upper": 0.7850517915091095,
      "std": 0.27159604692355505,
      "min": 0.0,
      "max": 0.9034534534534535
    },
    "sensitivity": {
      "mean": 0.4784442326285313,
      "ci_lower": 0.420038641258045,
      "ci_upper": 0.5368498239990176,
      "std": 0.29438724713209136,
      "min": 0.0,
      "max": 0.9636363636363636
    },
    "specificity": {
      "mean": 0.9246747485529088,
      "ci_lower": 0.8921551885659731,
      "ci_upper": 0.9571943085398444,
      "std": 0.16391142556495927,
      "min": 0.049019607843137254,
      "max": 1.0
    }
  },
  "dev_statistics": {
    "accuracy": {
      "mean": 0.8503338705963618,
      "ci_lower": 0.8480646172495879,
      "ci_upper": 0.8526031239431356,
      "std": 0.011437933083571395,
      "min": 0.8,
      "max": 0.8790697674418605
    },
    "auroc": {
      "mean": 0.9287697933556422,
      "ci_lower": 0.9270325830314962,
      "ci_upper": 0.9305070036797883,
      "std": 0.008756226125179683,
      "min": 0.8598936365303503,
      "max": 0.9387493123051531
    },
    "f1_score": {
      "mean": 0.8107264013325102,
      "ci_lower": 0.807790814082463,
      "ci_upper": 0.8136619885825573,
      "std": 0.014796519117074898,
      "min": 0.7361963190184049,
      "max": 0.8452380952380952
    },
    "precision": {
      "mean": 0.783159324342734,
      "ci_lower": 0.7799654052731821,
      "ci_upper": 0.786353243412286,
      "std": 0.01609861351259596,
      "min": 0.7407407407407407,
      "max": 0.8255813953488372
    },
    "recall": {
      "mean": 0.8406182081622797,
      "ci_lower": 0.8365289457483603,
      "ci_upper": 0.8447074705761991,
      "std": 0.02061149757389099,
      "min": 0.7317073170731707,
      "max": 0.8902439024390244
    },
    "average_precision": {
      "mean": 0.9054261064905503,
      "ci_lower": 0.9026860575912344,
      "ci_upper": 0.9081661553898662,
      "std": 0.013810928603738538,
      "min": 0.7927634033684259,
      "max": 0.9229915412029184
    },
    "brier_score": {
      "mean": 0.12118719219146754,
      "ci_lower": 0.11968738666942491,
      "ci_upper": 0.12268699771351016,
      "std": 0.007559612162248396,
      "min": 0.10945229233998907,
      "max": 0.17115536114827573
    },
    "weighted_accuracy": {
      "mean": 0.8401762112927751,
      "ci_lower": 0.8378299037212988,
      "ci_upper": 0.8425225188642513,
      "std": 0.01182631680776247,
      "min": 0.7882808181315644,
      "max": 0.8701550387596899
    },
    "sensitivity": {
      "mean": 0.8406182081622797,
      "ci_lower": 0.8365289457483603,
      "ci_upper": 0.8447074705761991,
      "std": 0.02061149757389099,
      "min": 0.7317073170731707,
      "max": 0.8902439024390244
    },
    "specificity": {
      "mean": 0.856323978262488,
      "ci_lower": 0.8537539354743736,
      "ci_upper": 0.8588940210506023,
      "std": 0.0129540306613005,
      "min": 0.8195488721804511,
      "max": 0.8872180451127819
    }
  }
}