{
  "timestamp": "20251215_112634",
  "total_seeds": 101,
  "successful_seeds": [
    0,
    1,
    2,
    3,
    4,
    5,
    6,
    7,
    8,
    9,
    10,
    11,
    12,
    13,
    14,
    15,
    16,
    17,
    18,
    19,
    20,
    21,
    22,
    23,
    24,
    25,
    26,
    27,
    28,
    29,
    30,
    31,
    32,
    33,
    34,
    35,
    36,
    37,
    38,
    39,
    40,
    41,
    42,
    43,
    44,
    45,
    46,
    47,
    48,
    49,
    50,
    51,
    52,
    53,
    54,
    55,
    56,
    57,
    58,
    59,
    60,
    61,
    62,
    63,
    64,
    65,
    66,
    67,
    68,
    69,
    70,
    71,
    72,
    73,
    74,
    75,
    76,
    77,
    78,
    79,
    80,
    81,
    82,
    83,
    84,
    85,
    86,
    87,
    88,
    89,
    90,
    91,
    92,
    93,
    94,
    95,
    96,
    97,
    98,
    99,
    100
  ],
  "failed_seeds": [],
  "num_successful": 101,
  "num_failed": 0,
  "test_statistics": {
    "accuracy": {
      "mean": 0.8431266284567668,
      "ci_lower": 0.8293918776347873,
      "ci_upper": 0.8568613792787463,
      "std": 0.06922856852659104,
      "min": 0.40993788819875776,
      "max": 0.890625
    },
    "auroc": {
      "mean": 0.8919561947117213,
      "ci_lower": 0.8718858830607165,
      "ci_upper": 0.9120265063627261,
      "std": 0.10116229726265744,
      "min": 0.4285478547854785,
      "max": 0.9384057971014493
    },
    "f1_score": {
      "mean": 0.7149755819748176,
      "ci_lower": 0.6765408391380321,
      "ci_upper": 0.7534103248116031,
      "std": 0.19372628326247404,
      "min": 0.0,
      "max": 0.8264462809917356
    },
    "precision": {
      "mean": 0.8502628219929016,
      "ci_lower": 0.811522549103075,
      "ci_upper": 0.8890030948827282,
      "std": 0.19526627539542507,
      "min": 0.0,
      "max": 1.0
    },
    "recall": {
      "mean": 0.6337369692654388,
      "ci_lower": 0.5984179420342055,
      "ci_upper": 0.669055996496672,
      "std": 0.17802184609400626,
      "min": 0.0,
      "max": 0.9333333333333333
    },
    "average_precision": {
      "mean": 0.8452590263176188,
      "ci_lower": 0.82081641369977,
      "ci_upper": 0.8697016389354677,
      "std": 0.12320042092615044,
      "min": 0.32108278545245894,
      "max": 0.9053015549254795
    },
    "brier_score": {
      "mean": 0.11821387582023898,
      "ci_lower": 0.10979161546255077,
      "ci_upper": 0.12663613617792718,
      "std": 0.042451518478802304,
      "min": 0.0938551142232322,
      "max": 0.32287065972954326
    },
    "weighted_accuracy": {
      "mean": 0.8306879950350943,
      "ci_lower": 0.795455110342579,
      "ci_upper": 0.8659208797276096,
      "std": 0.1775876536778508,
      "min": 0.0,
      "max": 0.9034534534534535
    },
    "sensitivity": {
      "mean": 0.6337369692654388,
      "ci_lower": 0.5984179420342055,
      "ci_upper": 0.669055996496672,
      "std": 0.17802184609400626,
      "min": 0.0,
      "max": 0.9333333333333333
    },
    "specificity": {
      "mean": 0.9512554530869879,
      "ci_lower": 0.9337963646989448,
      "ci_upper": 0.968714541475031,
      "std": 0.08800070074436565,
      "min": 0.09900990099009901,
      "max": 1.0
    }
  },
  "dev_statistics": {
    "accuracy": {
      "mean": 0.8511627906976743,
      "ci_lower": 0.8490529325968499,
      "ci_upper": 0.8532726487984987,
      "std": 0.010634518092644566,
      "min": 0.8232558139534883,
      "max": 0.8790697674418605
    },
    "auroc": {
      "mean": 0.9295074198415623,
      "ci_lower": 0.9284765990928517,
      "ci_upper": 0.9305382405902728,
      "std": 0.005195743684445887,
      "min": 0.9126169081239685,
      "max": 0.938382541720154
    },
    "f1_score": {
      "mean": 0.8119168309288944,
      "ci_lower": 0.8093629126155875,
      "ci_upper": 0.8144707492422014,
      "std": 0.012872756940093467,
      "min": 0.7790697674418605,
      "max": 0.8452380952380952
    },
    "precision": {
      "mean": 0.7839937312685393,
      "ci_lower": 0.7807007334238717,
      "ci_upper": 0.787286729113207,
      "std": 0.016598009669216162,
      "min": 0.7444444444444445,
      "max": 0.8255813953488372
    },
    "recall": {
      "mean": 0.8421878773243178,
      "ci_lower": 0.8389432045728775,
      "ci_upper": 0.845432550075758,
      "std": 0.016354432113903673,
      "min": 0.8048780487804879,
      "max": 0.8902439024390244
    },
    "average_precision": {
      "mean": 0.906658516129206,
      "ci_lower": 0.9050789792035888,
      "ci_upper": 0.9082380530548232,
      "std": 0.00796148992527634,
      "min": 0.8822338433608237,
      "max": 0.9229915412029184
    },
    "brier_score": {
      "mean": 0.12077938137006165,
      "ci_lower": 0.11963668686151696,
      "ci_upper": 0.12192207587860635,
      "std": 0.005759631617280674,
      "min": 0.10945229233998907,
      "max": 0.13645360467070322
    },
    "weighted_accuracy": {
      "mean": 0.8410405691693728,
      "ci_lower": 0.8388606097237652,
      "ci_upper": 0.8432205286149803,
      "std": 0.010987856556081239,
      "min": 0.8122222222222222,
      "max": 0.8701550387596899
    },
    "sensitivity": {
      "mean": 0.8421878773243178,
      "ci_lower": 0.8389432045728775,
      "ci_upper": 0.845432550075758,
      "std": 0.016354432113903673,
      "min": 0.8048780487804879,
      "max": 0.8902439024390244
    },
    "specificity": {
      "mean": 0.856696195935383,
      "ci_lower": 0.8539607080214572,
      "ci_upper": 0.8594316838493089,
      "std": 0.01378793943606369,
      "min": 0.8270676691729323,
      "max": 0.8872180451127819
    }
  }
}