{
  "test": {
    "accuracy": {
      "mean": 0.879057095193868,
      "std": 0.012435234990305126,
      "se": 0.00253833171315424,
      "ci_lower": 0.8738061559776835,
      "ci_upper": 0.8843080344100525,
      "n": 24
    },
    "precision": {
      "mean": 0.8461022579668964,
      "std": 0.02919187677284763,
      "se": 0.005958766893973399,
      "ci_lower": 0.8337756094829654,
      "ci_upper": 0.8584289064508275,
      "n": 24
    },
    "recall": {
      "mean": 0.7913832557784216,
      "std": 0.024364394361618604,
      "se": 0.004973361173159089,
      "ci_lower": 0.7810950743382035,
      "ci_upper": 0.8016714372186398,
      "n": 24
    },
    "f1": {
      "mean": 0.817378884755049,
      "std": 0.0180951508637696,
      "se": 0.0036936572029098165,
      "ci_lower": 0.8097379726719706,
      "ci_upper": 0.8250197968381275,
      "n": 24
    },
    "auroc": {
      "mean": 0.929528126692024,
      "std": 0.008171636372360855,
      "se": 0.0016680282896543214,
      "ci_lower": 0.9260775472762364,
      "ci_upper": 0.9329787061078116,
      "n": 24
    },
    "balanced_accuracy": {
      "mean": 0.8579489333069245,
      "std": 0.013082519815572567,
      "se": 0.0026704581748335566,
      "ci_lower": 0.8524246696802493,
      "ci_upper": 0.8634731969335996,
      "n": 24
    }
  },
  "dev": {
    "accuracy": {
      "mean": 0.8455073995771669,
      "std": 0.013107165881615883,
      "se": 0.0013972285776761612,
      "ci_lower": 0.8427302564851124,
      "ci_upper": 0.8482845426692215,
      "n": 88
    },
    "precision": {
      "mean": 0.7760199161987752,
      "std": 0.017297335998656228,
      "se": 0.001843902212978598,
      "ci_lower": 0.7723549608900924,
      "ci_upper": 0.779684871507458,
      "n": 88
    },
    "recall": {
      "mean": 0.8366130820399114,
      "std": 0.02096333058083872,
      "se": 0.0022346985485171447,
      "ci_lower": 0.8321713766983554,
      "ci_upper": 0.8410547873814673,
      "n": 88
    },
    "f1": {
      "mean": 0.8050710347230438,
      "std": 0.016666951959315925,
      "se": 0.0017767030485953499,
      "ci_lower": 0.8015396450299949,
      "ci_upper": 0.8086024244160926,
      "n": 88
    },
    "auroc": {
      "mean": 0.9232001150325927,
      "std": 0.00770432401162587,
      "se": 0.0008212836991571829,
      "ci_lower": 0.9215677247507357,
      "ci_upper": 0.9248325053144497,
      "n": 88
    },
    "balanced_accuracy": {
      "mean": 0.84380209809446,
      "std": 0.014027827025377866,
      "se": 0.0014953713853615763,
      "ci_lower": 0.8408298855450861,
      "ci_upper": 0.846774310643834,
      "n": 88
    }
  }
}