{
  "test": {
    "accuracy": {
      "mean": 0.8805067735962353,
      "std": 0.01346887223968777,
      "se": 0.0014609043106282285,
      "ci_lower": 0.8776016051618521,
      "ci_upper": 0.8834119420306185,
      "n": 85
    },
    "precision": {
      "mean": 0.8391430214103938,
      "std": 0.030046439984647667,
      "se": 0.0032589939908451975,
      "ci_lower": 0.8326621544561602,
      "ci_upper": 0.8456238883646273,
      "n": 85
    },
    "recall": {
      "mean": 0.8082712305797217,
      "std": 0.032952679681103686,
      "se": 0.003574219944786676,
      "ci_lower": 0.8011635022462543,
      "ci_upper": 0.8153789589131891,
      "n": 85
    },
    "f1": {
      "mean": 0.8226593934584445,
      "std": 0.020013250415325878,
      "se": 0.002170741787518027,
      "ci_lower": 0.8183426353556623,
      "ci_upper": 0.8269761515612267,
      "n": 85
    },
    "auroc": {
      "mean": 0.9363658847458165,
      "std": 0.008448195610691676,
      "se": 0.0009163354707844535,
      "ci_lower": 0.934543651170584,
      "ci_upper": 0.938188118321049,
      "n": 85
    },
    "balanced_accuracy": {
      "mean": 0.8632455922756843,
      "std": 0.015635418829075334,
      "se": 0.0016958992823888747,
      "ci_lower": 0.8598731105688089,
      "ci_upper": 0.8666180739825597,
      "n": 85
    }
  },
  "dev": {
    "accuracy": {
      "mean": 0.8407660738714091,
      "std": 0.012150961362068138,
      "se": 0.0013179568056051216,
      "ci_lower": 0.8381451722273596,
      "ci_upper": 0.8433869755154586,
      "n": 85
    },
    "precision": {
      "mean": 0.7720983873474763,
      "std": 0.017401345938257103,
      "se": 0.0018874409705234632,
      "ci_lower": 0.7683450039879814,
      "ci_upper": 0.7758517707069711,
      "n": 85
    },
    "recall": {
      "mean": 0.8269727403156385,
      "std": 0.022853296408492936,
      "se": 0.002478788026279912,
      "ci_lower": 0.8220433984846335,
      "ci_upper": 0.8319020821466435,
      "n": 85
    },
    "f1": {
      "mean": 0.7984008309446887,
      "std": 0.015766690851761862,
      "se": 0.0017101377323789594,
      "ci_lower": 0.7950000345185227,
      "ci_upper": 0.8018016273708547,
      "n": 85
    },
    "auroc": {
      "mean": 0.9179847035091313,
      "std": 0.008591642577280628,
      "se": 0.0009318944788518728,
      "ci_lower": 0.9161315291400501,
      "ci_upper": 0.9198378778782125,
      "n": 85
    },
    "balanced_accuracy": {
      "mean": 0.8381214873625957,
      "std": 0.013202495963416046,
      "se": 0.0014320117468464015,
      "ci_lower": 0.8352737749598477,
      "ci_upper": 0.8409691997653438,
      "n": 85
    }
  }
}