{
  "timestamp": "20251215_083315",
  "total_seeds": 101,
  "successful_seeds": [
    0,
    1,
    2,
    3,
    4,
    5,
    6,
    7,
    8,
    9,
    10,
    11,
    12,
    13,
    14,
    15,
    16,
    17,
    18,
    19,
    20,
    21,
    22,
    23,
    24,
    25,
    26,
    27,
    28,
    29,
    30,
    31,
    32,
    33,
    34,
    35,
    36,
    37,
    38,
    39,
    40,
    41,
    42,
    43,
    44,
    45,
    46,
    47,
    48,
    49,
    50,
    51,
    52,
    53,
    54,
    55,
    56,
    57,
    58,
    59,
    60,
    61,
    62,
    63,
    64,
    65,
    66,
    67,
    68,
    69,
    70,
    71,
    72,
    73,
    74,
    75,
    76,
    77,
    78,
    79,
    80,
    81,
    82,
    83,
    84,
    85,
    86,
    87,
    88,
    89,
    90,
    91,
    92,
    93,
    94,
    95,
    96,
    97,
    98,
    99,
    100
  ],
  "failed_seeds": [],
  "num_successful": 101,
  "num_failed": 0,
  "test_statistics": {
    "accuracy": {
      "mean": 0.8795187084356941,
      "ci_lower": 0.8770152676850796,
      "ci_upper": 0.8820221491863086,
      "std": 0.012618330088583133,
      "min": 0.844559585492228,
      "max": 0.9035532994923858
    },
    "auroc": {
      "mean": 0.9349293543413864,
      "ci_lower": 0.9337315584724288,
      "ci_upper": 0.9361271502103439,
      "std": 0.006037364235417483,
      "min": 0.9187973484848485,
      "max": 0.9489281210592686
    },
    "f1_score": {
      "mean": 0.8165679929528536,
      "ci_lower": 0.812836383833047,
      "ci_upper": 0.8202996020726603,
      "std": 0.018808783720457526,
      "min": 0.7563025210084033,
      "max": 0.8571428571428571
    },
    "precision": {
      "mean": 0.8544962461173755,
      "ci_lower": 0.8480041356420397,
      "ci_upper": 0.8609883565927113,
      "std": 0.03272280078097628,
      "min": 0.7794117647058824,
      "max": 0.94
    },
    "recall": {
      "mean": 0.7832265107707593,
      "ci_lower": 0.7773948063259435,
      "ci_upper": 0.7890582152155752,
      "std": 0.029394093567296053,
      "min": 0.6923076923076923,
      "max": 0.859375
    },
    "average_precision": {
      "mean": 0.8905777892088031,
      "ci_lower": 0.8879724104354814,
      "ci_upper": 0.8931831679821249,
      "std": 0.013132137982291717,
      "min": 0.8523473816687516,
      "max": 0.9186163571335885
    },
    "brier_score": {
      "mean": 0.0910175565263898,
      "ci_lower": 0.08993535618439,
      "ci_upper": 0.09209975686838962,
      "std": 0.005454717126410651,
      "min": 0.0798174869553604,
      "max": 0.10544493664116987
    },
    "weighted_accuracy": {
      "mean": 0.8731987690003062,
      "ci_lower": 0.8698935786535933,
      "ci_upper": 0.8765039593470192,
      "std": 0.016659464694814448,
      "min": 0.8298076923076922,
      "max": 0.9066197183098591
    },
    "sensitivity": {
      "mean": 0.7832265107707593,
      "ci_lower": 0.7773948063259435,
      "ci_upper": 0.7890582152155752,
      "std": 0.029394093567296053,
      "min": 0.6923076923076923,
      "max": 0.859375
    },
    "specificity": {
      "mean": 0.9296695029313934,
      "ci_lower": 0.9259060527455532,
      "ci_upper": 0.9334329531172336,
      "std": 0.018969275268534116,
      "min": 0.8828125,
      "max": 0.9763779527559056
    }
  },
  "dev_statistics": {
    "accuracy": {
      "mean": 0.8514390973981119,
      "ci_lower": 0.8493219720745242,
      "ci_upper": 0.8535562227216995,
      "std": 0.010671147765478404,
      "min": 0.8186046511627907,
      "max": 0.8790697674418605
    },
    "auroc": {
      "mean": 0.9289000695411556,
      "ci_lower": 0.9277405042123392,
      "ci_upper": 0.9300596348699719,
      "std": 0.005844667214388675,
      "min": 0.9043645699614892,
      "max": 0.9385659270126536
    },
    "f1_score": {
      "mean": 0.8127760139495354,
      "ci_lower": 0.8101148119636296,
      "ci_upper": 0.8154372159354412,
      "std": 0.01341350902045895,
      "min": 0.7719298245614035,
      "max": 0.8470588235294118
    },
    "precision": {
      "mean": 0.7826769452832574,
      "ci_lower": 0.7795998914697448,
      "ci_upper": 0.7857539990967699,
      "std": 0.015509566467552222,
      "min": 0.7415730337078652,
      "max": 0.8255813953488372
    },
    "recall": {
      "mean": 0.8455687032117848,
      "ci_lower": 0.8418816217121585,
      "ci_upper": 0.849255784711411,
      "std": 0.018584346929070215,
      "min": 0.8048780487804879,
      "max": 0.8902439024390244
    },
    "average_precision": {
      "mean": 0.9051653237960189,
      "ci_lower": 0.903280877558202,
      "ci_upper": 0.9070497700338358,
      "std": 0.009498353279231911,
      "min": 0.8652102831937648,
      "max": 0.9223946333541009
    },
    "brier_score": {
      "mean": 0.12057364107720443,
      "ci_lower": 0.11941660051621379,
      "ci_upper": 0.12173068163819507,
      "std": 0.005831941387418733,
      "min": 0.10067350726285086,
      "max": 0.13659917819401077
    },
    "weighted_accuracy": {
      "mean": 0.8412960984111223,
      "ci_lower": 0.8391049581444537,
      "ci_upper": 0.8434872386777909,
      "std": 0.0110442123099669,
      "min": 0.8072944533618691,
      "max": 0.8701550387596899
    },
    "sensitivity": {
      "mean": 0.8455687032117848,
      "ci_lower": 0.8418816217121585,
      "ci_upper": 0.849255784711411,
      "std": 0.018584346929070215,
      "min": 0.8048780487804879,
      "max": 0.8902439024390244
    },
    "specificity": {
      "mean": 0.8550584381746444,
      "ci_lower": 0.8525384503659031,
      "ci_upper": 0.8575784259833857,
      "std": 0.012701733796614998,
      "min": 0.8270676691729323,
      "max": 0.8872180451127819
    }
  }
}