{
  "timestamp": "20251215_101036",
  "total_seeds": 101,
  "successful_seeds": [
    0,
    1,
    2,
    3,
    4,
    5,
    6,
    7,
    8,
    9,
    10,
    11,
    12,
    13,
    14,
    15,
    16,
    17,
    18,
    19,
    20,
    21,
    22,
    23,
    24,
    25,
    26,
    27,
    28,
    29,
    30,
    31,
    32,
    33,
    34,
    35,
    36,
    37,
    38,
    39,
    40,
    41,
    42,
    43,
    44,
    45,
    46,
    47,
    48,
    49,
    50,
    51,
    52,
    53,
    54,
    55,
    56,
    57,
    58,
    59,
    60,
    61,
    62,
    63,
    64,
    65,
    66,
    67,
    68,
    69,
    70,
    71,
    72,
    73,
    74,
    75,
    76,
    77,
    78,
    79,
    80,
    81,
    82,
    83,
    84,
    85,
    86,
    87,
    88,
    89,
    90,
    91,
    92,
    93,
    94,
    95,
    96,
    97,
    98,
    99,
    100
  ],
  "failed_seeds": [],
  "num_successful": 101,
  "num_failed": 0,
  "test_statistics": {
    "accuracy": {
      "mean": 0.7862420303650314,
      "ci_lower": 0.7699227710547011,
      "ci_upper": 0.8025612896753617,
      "std": 0.08225551203014698,
      "min": 0.6065573770491803,
      "max": 0.8783068783068783
    },
    "auroc": {
      "mean": 0.8493294207175587,
      "ci_lower": 0.832712907309496,
      "ci_upper": 0.8659459341256214,
      "std": 0.08375379007984778,
      "min": 0.6962365591397849,
      "max": 0.9369501466275659
    },
    "f1_score": {
      "mean": 0.599507426473174,
      "ci_lower": 0.5549602682621523,
      "ci_upper": 0.6440545846841957,
      "std": 0.22453527077764143,
      "min": 0.02857142857142857,
      "max": 0.8095238095238095
    },
    "precision": {
      "mean": 0.7397167400323474,
      "ci_lower": 0.7093897140004914,
      "ci_upper": 0.7700437660642034,
      "std": 0.15286018851497868,
      "min": 0.45098039215686275,
      "max": 0.925
    },
    "recall": {
      "mean": 0.5470300800703303,
      "ci_lower": 0.500497612341276,
      "ci_upper": 0.5935625477993846,
      "std": 0.23454201482396753,
      "min": 0.014705882352941176,
      "max": 0.9538461538461539
    },
    "average_precision": {
      "mean": 0.7427088706734596,
      "ci_lower": 0.7109161631548443,
      "ci_upper": 0.7745015781920749,
      "std": 0.16024780206249917,
      "min": 0.475412959390164,
      "max": 0.9050409589156343
    },
    "brier_score": {
      "mean": 0.14465612412469198,
      "ci_lower": 0.13541225573986887,
      "ci_upper": 0.15389999250951508,
      "std": 0.0465927474203193,
      "min": 0.09271469292359287,
      "max": 0.2575087561799016
    },
    "weighted_accuracy": {
      "mean": 0.7744489218536064,
      "ci_lower": 0.7544592463233755,
      "ci_upper": 0.7944385973838373,
      "std": 0.10075585936763741,
      "min": 0.5706462212486308,
      "max": 0.8837328767123288
    },
    "sensitivity": {
      "mean": 0.5470300800703303,
      "ci_lower": 0.500497612341276,
      "ci_upper": 0.5935625477993846,
      "std": 0.23454201482396753,
      "min": 0.014705882352941176,
      "max": 0.9538461538461539
    },
    "specificity": {
      "mean": 0.9046175650529834,
      "ci_lower": 0.8864178004958904,
      "ci_upper": 0.9228173296100765,
      "std": 0.09173400115801668,
      "min": 0.4152542372881356,
      "max": 0.9922480620155039
    }
  },
  "dev_statistics": {
    "accuracy": {
      "mean": 0.8509325351139764,
      "ci_lower": 0.8488412349216845,
      "ci_upper": 0.8530238353062682,
      "std": 0.0105409789044053,
      "min": 0.8186046511627907,
      "max": 0.8744186046511628
    },
    "auroc": {
      "mean": 0.930367151881152,
      "ci_lower": 0.9293675112738703,
      "ci_upper": 0.9313667924884338,
      "std": 0.005038583457402246,
      "min": 0.9137172198789658,
      "max": 0.9398496240601504
    },
    "f1_score": {
      "mean": 0.8113454249439933,
      "ci_lower": 0.8087302999254085,
      "ci_upper": 0.8139605499625782,
      "std": 0.013181262907586373,
      "min": 0.7719298245614035,
      "max": 0.8421052631578947
    },
    "precision": {
      "mean": 0.784398691335214,
      "ci_lower": 0.7812876191491936,
      "ci_upper": 0.7875097635212344,
      "std": 0.01568103250016129,
      "min": 0.7415730337078652,
      "max": 0.8214285714285714
    },
    "recall": {
      "mean": 0.8404974643805844,
      "ci_lower": 0.8369317554785503,
      "ci_upper": 0.8440631732826185,
      "std": 0.0179725811024773,
      "min": 0.7926829268292683,
      "max": 0.8902439024390244
    },
    "average_precision": {
      "mean": 0.9073439589773931,
      "ci_lower": 0.9057548017750793,
      "ci_upper": 0.9089331161797068,
      "std": 0.008009979919246077,
      "min": 0.8782324659372936,
      "max": 0.9211021161233865
    },
    "brier_score": {
      "mean": 0.12066093338514912,
      "ci_lower": 0.11953644010999616,
      "ci_upper": 0.12178542666030208,
      "std": 0.005667890212615981,
      "min": 0.10903196891418628,
      "max": 0.13849696724443972
    },
    "weighted_accuracy": {
      "mean": 0.8408006325424064,
      "ci_lower": 0.8386404696380846,
      "ci_upper": 0.8429607954467283,
      "std": 0.010888074169582476,
      "min": 0.8072944533618691,
      "max": 0.8648118423399322
    },
    "sensitivity": {
      "mean": 0.8404974643805844,
      "ci_lower": 0.8369317554785503,
      "ci_upper": 0.8440631732826185,
      "std": 0.0179725811024773,
      "min": 0.7926829268292683,
      "max": 0.8902439024390244
    },
    "specificity": {
      "mean": 0.8573661877465941,
      "ci_lower": 0.8548085668621382,
      "ci_upper": 0.85992380863105,
      "std": 0.01289141936097236,
      "min": 0.8270676691729323,
      "max": 0.8872180451127819
    }
  }
}