{
  "test": {
    "accuracy": {
      "mean": 0.8813669136642962,
      "std": 0.01218692313044256,
      "se": 0.0019769799894317538,
      "ci_lower": 0.8773611717101503,
      "ci_upper": 0.8853726556184421,
      "n": 38
    },
    "precision": {
      "mean": 0.8461600776101615,
      "std": 0.030122176503172914,
      "se": 0.004886462279896374,
      "ci_lower": 0.8362591645677595,
      "ci_upper": 0.8560609906525636,
      "n": 38
    },
    "recall": {
      "mean": 0.799682191363072,
      "std": 0.03038946245590335,
      "se": 0.004929821786996595,
      "ci_lower": 0.7896934236141827,
      "ci_upper": 0.8096709591119612,
      "n": 38
    },
    "f1": {
      "mean": 0.8215850275540891,
      "std": 0.018724807772667346,
      "se": 0.0030375649272824457,
      "ci_lower": 0.8154303363924679,
      "ci_upper": 0.8277397187157104,
      "n": 38
    },
    "auroc": {
      "mean": 0.9343996521693705,
      "std": 0.006656378468766957,
      "se": 0.001079807174787585,
      "ci_lower": 0.9322117550102911,
      "ci_upper": 0.9365875493284499,
      "n": 38
    },
    "balanced_accuracy": {
      "mean": 0.8616991555432987,
      "std": 0.014122099646810252,
      "se": 0.002290907074055799,
      "ci_lower": 0.8570573368963468,
      "ci_upper": 0.8663409741902506,
      "n": 38
    }
  },
  "dev": {
    "accuracy": {
      "mean": 0.8444018221050107,
      "std": 0.012720395567124747,
      "se": 0.00129156048580628,
      "ci_lower": 0.84183809480342,
      "ci_upper": 0.8469655494066014,
      "n": 97
    },
    "precision": {
      "mean": 0.7769594904070791,
      "std": 0.017493790856203898,
      "se": 0.0017762253459496198,
      "ci_lower": 0.7734337109618017,
      "ci_upper": 0.7804852698523566,
      "n": 97
    },
    "recall": {
      "mean": 0.8309026904702038,
      "std": 0.02398215937025372,
      "se": 0.0024350193548210402,
      "ci_lower": 0.8260692152528514,
      "ci_upper": 0.8357361656875563,
      "n": 97
    },
    "f1": {
      "mean": 0.8028291280983199,
      "std": 0.016646609502506245,
      "se": 0.001690207112084658,
      "ci_lower": 0.7994740934977614,
      "ci_upper": 0.8061841626988783,
      "n": 97
    },
    "auroc": {
      "mean": 0.9229138977693165,
      "std": 0.008469595486203784,
      "se": 0.0008599571297150023,
      "ci_lower": 0.9212068963583283,
      "ci_upper": 0.9246208991803048,
      "n": 97
    },
    "balanced_accuracy": {
      "mean": 0.8418136427314198,
      "std": 0.01394299014988554,
      "se": 0.0014156961579182108,
      "ci_lower": 0.8390035080681979,
      "ci_upper": 0.8446237773946417,
      "n": 97
    }
  }
}