{
  "timestamp": "20251215_101031",
  "total_seeds": 101,
  "successful_seeds": [
    0,
    1,
    2,
    3,
    4,
    5,
    6,
    7,
    8,
    9,
    10,
    11,
    12,
    13,
    14,
    15,
    16,
    17,
    18,
    19,
    20,
    21,
    22,
    23,
    24,
    25,
    26,
    27,
    28,
    29,
    30,
    31,
    32,
    33,
    34,
    35,
    36,
    37,
    38,
    39,
    40,
    41,
    42,
    43,
    44,
    45,
    46,
    47,
    48,
    49,
    50,
    51,
    52,
    53,
    54,
    55,
    56,
    57,
    58,
    59,
    60,
    61,
    62,
    63,
    64,
    65,
    66,
    67,
    68,
    69,
    70,
    71,
    72,
    73,
    74,
    75,
    76,
    77,
    78,
    79,
    80,
    81,
    82,
    83,
    84,
    85,
    86,
    87,
    88,
    89,
    90,
    91,
    92,
    93,
    94,
    95,
    96,
    97,
    98,
    99,
    100
  ],
  "failed_seeds": [],
  "num_successful": 101,
  "num_failed": 0,
  "test_statistics": {
    "accuracy": {
      "mean": 0.8103242180217318,
      "ci_lower": 0.795357874868345,
      "ci_upper": 0.8252905611751187,
      "std": 0.07543628028028455,
      "min": 0.6065573770491803,
      "max": 0.8783068783068783
    },
    "auroc": {
      "mean": 0.8740577027776356,
      "ci_lower": 0.8593443853067099,
      "ci_upper": 0.8887710202485614,
      "std": 0.07416093091106161,
      "min": 0.6962365591397849,
      "max": 0.9369501466275659
    },
    "f1_score": {
      "mean": 0.6646707492923236,
      "ci_lower": 0.6268091470508265,
      "ci_upper": 0.7025323515338208,
      "std": 0.19083742830685352,
      "min": 0.02857142857142857,
      "max": 0.8095238095238095
    },
    "precision": {
      "mean": 0.7796786276223936,
      "ci_lower": 0.7524738005534757,
      "ci_upper": 0.8068834546913115,
      "std": 0.13712307266475782,
      "min": 0.4594594594594595,
      "max": 0.925
    },
    "recall": {
      "mean": 0.6105375848304927,
      "ci_lower": 0.5717791795289726,
      "ci_upper": 0.6492959901320128,
      "std": 0.1953576699115506,
      "min": 0.014705882352941176,
      "max": 0.9538461538461539
    },
    "average_precision": {
      "mean": 0.7908654645533232,
      "ci_lower": 0.7628743446300273,
      "ci_upper": 0.818856584476619,
      "std": 0.1410862991882532,
      "min": 0.4756005781799923,
      "max": 0.9050409589156343
    },
    "brier_score": {
      "mean": 0.13190145369683942,
      "ci_lower": 0.12343960634568171,
      "ci_upper": 0.14036330104799713,
      "std": 0.04265105256032193,
      "min": 0.09271469292359287,
      "max": 0.2575087561799016
    },
    "weighted_accuracy": {
      "mean": 0.8042185753693694,
      "ci_lower": 0.7865255336425304,
      "ci_upper": 0.8219116170962083,
      "std": 0.08917991796911051,
      "min": 0.5782051282051281,
      "max": 0.8837328767123288
    },
    "sensitivity": {
      "mean": 0.6105375848304927,
      "ci_lower": 0.5717791795289726,
      "ci_upper": 0.6492959901320128,
      "std": 0.1953576699115506,
      "min": 0.014705882352941176,
      "max": 0.9538461538461539
    },
    "specificity": {
      "mean": 0.9105769889324057,
      "ci_lower": 0.8931618918847093,
      "ci_upper": 0.9279920859801021,
      "std": 0.08777896701513839,
      "min": 0.4152542372881356,
      "max": 0.9922480620155039
    }
  },
  "dev_statistics": {
    "accuracy": {
      "mean": 0.8508404328804974,
      "ci_lower": 0.8487985729062317,
      "ci_upper": 0.852882292854763,
      "std": 0.01029178067970093,
      "min": 0.8186046511627907,
      "max": 0.8744186046511628
    },
    "auroc": {
      "mean": 0.930187397980583,
      "ci_lower": 0.9291774801269849,
      "ci_upper": 0.9311973158341812,
      "std": 0.005090384837718409,
      "min": 0.9137172198789658,
      "max": 0.9398496240601504
    },
    "f1_score": {
      "mean": 0.8113490004999834,
      "ci_lower": 0.8088286338822708,
      "ci_upper": 0.813869367117696,
      "std": 0.01270364314343641,
      "min": 0.7719298245614035,
      "max": 0.8421052631578947
    },
    "precision": {
      "mean": 0.7839844452318692,
      "ci_lower": 0.7808583867654509,
      "ci_upper": 0.7871105036982874,
      "std": 0.015756569272028093,
      "min": 0.7415730337078652,
      "max": 0.8170731707317073
    },
    "recall": {
      "mean": 0.8409804395073655,
      "ci_lower": 0.8375941843120027,
      "ci_upper": 0.8443666947027282,
      "std": 0.01706806354765072,
      "min": 0.7926829268292683,
      "max": 0.8780487804878049
    },
    "average_precision": {
      "mean": 0.9069889089598371,
      "ci_lower": 0.9053993781676396,
      "ci_upper": 0.9085784397520346,
      "std": 0.008011862959805075,
      "min": 0.8782324659372936,
      "max": 0.922707953236815
    },
    "brier_score": {
      "mean": 0.12099415610493633,
      "ci_lower": 0.11984188349715338,
      "ci_upper": 0.12214642871271927,
      "std": 0.005807909020202955,
      "min": 0.10903196891418628,
      "max": 0.13849696724443972
    },
    "weighted_accuracy": {
      "mean": 0.8407042906258111,
      "ci_lower": 0.8385958097772421,
      "ci_upper": 0.84281277147438,
      "std": 0.010627576197346866,
      "min": 0.8072944533618691,
      "max": 0.8648118423399322
    },
    "sensitivity": {
      "mean": 0.8409804395073655,
      "ci_lower": 0.8375941843120027,
      "ci_upper": 0.8443666947027282,
      "std": 0.01706806354765072,
      "min": 0.7926829268292683,
      "max": 0.8780487804878049
    },
    "specificity": {
      "mean": 0.85691952653912,
      "ci_lower": 0.8543276782683539,
      "ci_upper": 0.859511374809886,
      "std": 0.01306393890569274,
      "min": 0.8270676691729323,
      "max": 0.8872180451127819
    }
  }
}